745090,MOUNTAIN VIEW MOFFETT FLD NAS,CA,-8.0,37.400,-122.050,12
Date (MMDDYYYY),Time (HHMM),ETR (Wm^2),ETRN (Wm^2),GHI (Wm^2),GHI source,GHI uncert (%),DNI (Wm^2),DNI source,DNI uncert (%),DHI (Wm^2),DHI source,DHI uncert (%),GH illum (lx),GH illum source,Global illum uncert (%),DN illum (lx),DN illum source,DN illum uncert (%),DH illum (lx),DH illum source,DH illum uncert (%),Zenith lum (cdm^2),Zenith lum source,Zenith lum uncert (%),TotCld (tenths),TotCld source,TotCld uncert (code),OpqCld (tenths),OpqCld source,OpqCld uncert (code),Dry-bulb (C),Dry-bulb source,Dry-bulb uncert (code),Dew-point (C),Dew-point source,Dew-point uncert (code),RHum (%),RHum source,RHum uncert (code),Pressure (mbar),Pressure source,Pressure uncert (code),Wdir (degrees),Wdir source,Wdir uncert (code),Wspd (ms),Wspd source,Wspd uncert (code),Hvis (m),Hvis source,Hvis uncert (code),CeilHgt (m),CeilHgt source,CeilHgt uncert (code),Pwat (cm),Pwat source,Pwat uncert (code),AOD (unitless),AOD source,AOD uncert (code),Alb (unitless),Alb source,Alb uncert (code),Lprecip depth (mm),Lprecip quantity (hr),Lprecip source,Lprecip uncert (code)
01012005,0100,0,0,0,2,0,0,2,0,0,2,0,0,2,0,0,2,0,0,2,0,0,2,0,3,E,9,3,E,9,8.0,A,7,6.0,A,7,87,A,7,1013,A,7,150,A,7,2.1,A,7,16100,A,7,77777,A,7,1.1,E,8,0.099,F,8,0.160,F,8,0,1,A,7
01012005,0200,0,0,0,2,0,0,2,0,0,2,0,0,2,0,0,2,0,0,2,0,0,2,0,10,E,9,10,E,9,8.0,A,7,7.0,A,7,93,A,7,1013,A,7,0,A,7,0.0,A,7,12900,A,7,930,A,7,1.1,E,8,0.099,F,8,0.160,F,8,0,1,A,7
01012005,0300,0,0,0,2,0,0,2,0,0,2,0,0,2,0,0,2,0,0,2,0,0,2,0,8,E,9,8,E,9,7.0,A,7,6.0,A,7,93,A,7,1013,A,7,120,A,7,2.1,A,7,16100,A,7,2100,A,7,1.1,E,8,0.099,F,8,0.160,F,8,0,1,A,7
01012005,0400,0,0,0,2,0,0,2,0,0,2,0,0,2,0,0,2,0,0,2,0,0,2,0,10,E,9,10,E,9,8.0,A,7,7.0,A,7,93,A,7,1014,A,7,160,A,7,2.6,A,7,16100,A,7,1500,A,7,1.1,E,8,0.099,F,8,0.160,F,8,0,1,A,7
01012005,0500,0,0,0,2,0,0,2,0,0,2,0,0,2,0,0,2,0,0,2,0,0,2,0,1,E,9,1,E,9,7.0,A,7,6.0,A,7,93,A,7,1014,A,7,120,A,7,1.5,A,7,16100,A,7,77777,A,7,1.1,E,8,0.099,F,8,0.160,F,8,0,1,A,7
01012005,0600,0,0,0,2,0,0,2,0,0,2,0,0,2,0,0,2,0,0,2,0,0,2,0,8,E,9,8,E,9,7.0,A,7,6.0,A,7,93,A,7,1015,A,7,0,A,7,0.0,A,7,16100,A,7,2700,A,7,1.1,E,8,0.099,F,8,0.160,F,8,-9900,-9900,,0
01012005,0700,0,0,0,2,0,0,2,0,0,2,0,0,2,0,0,2,0,0,2,0,0,2,0,3,E,9,3,E,9,6.0,A,7,5.0,A,7,93,A,7,1015,A,7,120,A,7,2.6,A,7,16100,A,7,77777,A,7,1.1,E,8,0.099,F,8,0.160,F,8,0,1,A,7
01012005,0800,41,837,3,2,8,67,2,15,2,2,8,617,2,8,3807,2,15,416,2,8,79,2,19,0,E,9,0,A,7,7.0,A,7,6.0,A,7,93,A,7,1016,A,7,160,A,7,2.6,A,7,16100,A,7,77777,A,7,1.1,E,8,0.099,F,8,0.160,F,8,0,1,A,7
01012005,0900,252,1415,120,2,8,406,2,15,48,2,8,12317,2,8,29552,2,15,7025,2,8,854,2,19,0,E,9,0,E,9,8.0,A,7,7.0,A,7,93,A,7,1016,A,7,160,A,7,2.1,A,7,16100,A,7,77777,A,7,1.2,E,8,0.099,F,8,0.160,F,8,-9900,-9900,,0
01012005,1000,451,1415,282,2,8,501,2,15,121,2,8,29039,2,8,45085,2,15,14598,2,8,2319,2,19,8,E,9,8,E,9,11.0,A,7,7.0,A,7,76,A,7,1017,A,7,140,A,7,3.6,A,7,16100,A,7,2400,A,7,1.2,E,8,0.099,F,8,0.160,F,8,1,6,A,7
01012005,1100,597,1415,151,2,8,18,2,15,144,2,8,17332,2,8,1313,2,15,16775,2,8,5749,2,19,4,E,9,4,E,9,12.0,A,7,6.0,A,7,67,A,7,1017,A,7,150,A,7,3.1,A,7,16100,A,7,77777,A,7,1.2,E,8,0.099,F,8,0.160,F,8,-9900,-9900,,0
01012005,1200,681,1415,338,2,8,214,2,15,234,2,8,36467,2,8,21729,2,15,25970,2,8,5761,2,19,10,E,9,10,E,9,12.0,A,7,4.0,A,7,58,A,7,1016,A,7,0,A,7,0.0,A,7,16100,A,7,1500,A,7,1.2,E,8,0.099,F,8,0.160,F,8,-9900,-9900,,0
01012005,1300,695,1415,342,2,8,236,2,15,226,2,8,37154,2,8,24081,2,15,25279,2,8,5600,2,19,10,E,9,10,E,9,13.0,A,7,5.0,A,7,58,A,7,1016,A,7,310,B,8,3.1,A,7,16100,A,7,1800,A,7,1.3,E,8,0.099,F,8,0.160,F,8,0,1,A,7
01012005,1400,639,1415,74,2,8,0,2,15,74,2,8,8979,2,8,0,2,15,8979,2,8,3440,2,19,4,E,9,4,E,9,13.0,A,7,4.0,A,7,54,A,7,1015,A,7,270,B,8,1.5,A,7,16100,A,7,77777,A,7,1.2,E,8,0.099,F,8,0.160,F,8,-9900,-9900,,0
01012005,1500,517,1415,291,2,8,264,2,15,195,2,8,31224,2,8,25246,2,15,21956,2,8,4497,2,19,10,E,9,10,E,9,11.0,A,7,3.0,A,7,58,A,7,1016,A,7,220,A,7,4.6,A,7,16100,A,7,1500,A,7,1.2,E,8,0.099,F,8,0.160,F,8,0,1,A,7
01012005,1600,338,1415,97,2,8,0,2,15,97,2,8,10737,2,8,0,2,15,10737,2,8,3242,2,19,8,E,9,8,E,9,12.0,A,7,4.0,A,7,58,A,7,1015,A,7,230,A,7,3.6,A,7,16100,A,7,2400,A,7,1.2,E,8,0.099,F,8,0.160,F,8,0,1,A,7
01012005,1700,115,1403,17,2,8,0,2,15,17,2,8,1978,2,8,0,2,15,1978,2,8,628,2,19,10,E,9,10,E,9,12.0,A,7,5.0,A,7,62,A,7,1015,A,7,230,A,7,2.1,A,7,16100,A,7,1500,A,7,1.2,E,8,0.099,F,8,0.160,F,8,-9900,-9900,,0
01012005,1800,0,0,0,2,0,0,2,0,0,2,0,0,2,0,0,2,0,0,2,0,0,2,0,10,E,9,10,E,9,10.0,A,7,6.0,A,7,76,A,7,1015,A,7,190,A,7,2.1,A,7,16100,A,7,1500,A,7,1.2,E,8,0.099,F,8,0.160,F,8,0,1,A,7
01012005,1900,0,0,0,2,0,0,2,0,0,2,0,0,2,0,0,2,0,0,2,0,0,2,0,8,E,9,8,E,9,9.0,A,7,6.0,A,7,81,A,7,1016,A,7,160,A,7,1.5,A,7,16100,A,7,2400,A,7,1.2,E,8,0.099,F,8,0.160,F,8,0,3,A,7
01012005,2000,0,0,0,2,0,0,2,0,0,2,0,0,2,0,0,2,0,0,2,0,0,2,0,10,E,9,10,E,9,9.0,A,7,7.0,A,7,87,A,7,1016,A,7,140,A,7,2.1,A,7,16100,A,7,1500,A,7,1.2,E,8,0.099,F,8,0.160,F,8,0,1,A,7
01012005,2100,0,0,0,2,0,0,2,0,0,2,0,0,2,0,0,2,0,0,2,0,0,2,0,10,E,9,10,E,9,9.0,A,7,7.0,A,7,87,A,7,1016,A,7,0,A,7,0.0,A,7,14500,A,7,1440,A,7,1.2,E,8,0.099,F,8,0.160,F,8,0,1,A,7
01012005,2200,0,0,0,2,0,0,2,0,0,2,0,0,2,0,0,2,0,0,2,0,0,2,0,10,E,9,10,E,9,8.0,A,7,7.0,A,7,93,A,7,1016,A,7,110,A,7,2.6,A,7,16100,A,7,1500,A,7,1.2,E,8,0.099,F,8,0.160,F,8,-9900,-9900,,0
01012005,2300,0,0,0,2,0,0,2,0,0,2,0,0,2,0,0,2,0,0,2,0,0,2,0,10,E,9,10,E,9,8.0,A,7,7.0,A,7,93,A,7,1016,A,7,130,A,7,2.6,A,7,16100,A,7,1500,A,7,1.3,E,8,0.099,F,8,0.160,F,8,-9900,-9900,,0
01012005,2400,0,0,0,2,0,0,2,0,0,2,0,0,2,0,0,2,0,0,2,0,0,2,0,9,E,9,9,E,9,8.0,A,7,6.0,A,7,87,A,7,1016,A,7,150,A,7,2.1,A,7,16100,A,7,2100,A,7,1.3,E,8,0.099,F,8,0.160,F,8,-9900,-9900,,0
01022005,0100,0,0,0,2,0,0,2,0,0,2,0,0,2,0,0,2,0,0,2,0,0,2,0,10,E,9,10,E,9,7.0,A,7,6.0,A,7,93,A,7,1015,A,7,130,A,7,3.1,A,7,16100,A,7,77777,A,7,1.3,E,8,0.099,F,8,0.160,F,8,0,1,A,7
01022005,0200,0,0,0,2,0,0,2,0,0,2,0,0,2,0,0,2,0,0,2,0,0,2,0,9,E,9,9,E,9,8.0,A,7,6.0,A,7,87,A,7,1015,A,7,150,A,7,3.6,A,7,16100,A,7,1080,A,7,1.3,E,8,0.099,F,8,0.160,F,8,-9900,-9900,,0
01022005,0300,0,0,0,2,0,0,2,0,0,2,0,0,2,0,0,2,0,0,2,0,0,2,0,10,E,9,10,E,9,9.0,A,7,6.0,A,7,81,A,7,1014,A,7,180,A,7,2.6,A,7,16100,A,7,1500,A,7,1.3,E,8,0.099,F,8,0.160,F,8,-9900,-9900,,0
01022005,0400,0,0,0,2,0,0,2,0,0,2,0,0,2,0,0,2,0,0,2,0,0,2,0,10,E,9,10,E,9,8.0,A,7,6.0,A,7,87,A,7,1014,A,7,140,A,7,2.1,A,7,16100,A,7,1800,A,7,1.3,E,8,0.099,F,8,0.160,F,8,0,1,A,7
01022005,0500,0,0,0,2,0,0,2,0,0,2,0,0,2,0,0,2,0,0,2,0,0,2,0,10,E,9,10,E,9,8.0,A,7,7.0,A,7,93,A,7,1013,A,7,110,A,7,2.1,A,7,16100,A,7,1410,A,7,1.3,E,8,0.099,F,8,0.160,F,8,0,1,A,7
01022005,0600,0,0,0,2,0,0,2,0,0,2,0,0,2,0,0,2,0,0,2,0,0,2,0,10,E,9,10,E,9,8.0,A,7,6.0,A,7,87,A,7,1013,A,7,150,A,7,3.1,A,7,16100,A,7,990,A,7,1.3,E,8,0.099,F,8,0.160,F,8,0,1,A,7
01022005,0700,0,0,0,2,0,0,2,0,0,2,0,0,2,0,0,2,0,0,2,0,0,2,0,10,E,9,10,E,9,8.0,A,7,7.0,A,7,93,A,7,1013,A,7,140,A,7,2.6,A,7,16100,A,7,930,A,7,1.3,E,8,0.099,F,8,0.160,F,8,0,1,A,7
01022005,0800,40,837,2,2,8,0,2,15,2,2,8,3,2,8,0,2,15,3,2,8,8,2,19,10,E,9,10,E,9,9.0,A,7,5.0,A,7,76,A,7,1013,A,7,160,A,7,4.1,A,7,16100,A,7,1350,A,7,1.3,E,8,0.099,F,8,0.160,F,8,0,1,A,7
01022005,0900,252,1415,60,2,8,10,2,15,58,2,8,67,2,8,3,2,15,67,2,8,201,2,19,10,E,9,10,E,9,8.0,A,7,6.0,A,7,87,A,7,1013,A,7,120,A,7,4.1,A,7,16100,A,7,1350,A,7,1.3,E,8,0.099,F,8,0.160,F,8,-9900,-9900,,0
01022005,1000,451,1415,53,2,8,0,2,15,53,2,8,63,2,8,0,2,15,63,2,8,229,2,19,10,E,9,10,E,9,9.0,A,7,6.0,A,7,81,A,7,1013,A,7,140,A,7,4.1,A,7,16100,A,7,1500,A,7,1.2,E,8,0.099,F,8,0.160,F,8,0,6,A,7
01022005,1100,598,1415,108,2,8,0,2,15,108,2,8,126,2,8,0,2,15,126,2,8,462,2,19,10,E,9,10,E,9,9.0,A,7,7.0,A,7,87,A,7,1013,A,7,130,A,7,4.1,A,7,16100,A,7,1410,A,7,1.3,E,8,0.099,F,8,0.160,F,8,0,1,A,7
01022005,1200,682,1415,116,2,8,0,2,15,116,2,8,137,2,8,0,2,15,137,2,8,518,2,19,10,E,9,10,E,9,9.0,A,7,7.0,A,7,87,A,7,1012,A,7,130,A,7,4.6,A,7,16100,A,7,1410,A,7,1.3,E,8,0.099,F,8,0.160,F,8,0,1,A,7
01022005,1300,697,1415,106,2,8,0,2,15,106,2,8,126,2,8,0,2,15,126,2,8,484,2,19,10,E,9,10,E,9,9.0,A,7,7.0,A,7,87,A,7,1010,A,7,130,A,7,3.1,A,7,16100,A,7,1440,A,7,1.3,E,8,0.099,F,8,0.160,F,8,0,1,A,7
01022005,1400,642,1415,74,2,8,0,2,15,74,2,8,90,2,8,0,2,15,90,2,8,344,2,19,10,E,9,10,E,9,9.0,A,7,7.0,A,7,87,A,7,1010,A,7,0,A,7,0.0,A,7,11300,A,7,840,A,7,1.3,E,8,0.099,F,8,0.160,F,8,-9900,-9900,,0
01022005,1500,520,1415,84,2,8,0,2,15,84,2,8,99,2,8,0,2,15,99,2,8,356,2,19,10,E,9,10,E,9,9.0,A,7,8.0,A,7,93,A,7,1009,A,7,130,A,7,3.1,A,7,9700,A,7,1050,A,7,1.4,E,8,0.099,F,8,0.160,F,8,-9900,-9900,,0
01022005,1600,341,1415,86,2,8,0,2,15,86,2,8,96,2,8,0,2,15,96,2,8,302,2,19,10,E,9,10,E,9,9.0,A,7,8.0,A,7,93,A,7,1009,A,7,130,A,7,3.1,A,7,12900,A,7,1110,A,7,1.4,E,8,0.099,F,8,0.160,F,8,0,1,A,7
01022005,1700,119,1415,0,2,8,0,2,15,0,2,8,0,2,8,0,2,15,0,2,8,0,2,19,10,E,9,10,E,9,9.0,A,7,8.0,A,7,93,A,7,1009,A,7,0,A,7,0.0,A,7,16100,A,7,1080,A,7,1.4,E,8,0.099,F,8,0.160,F,8,-9900,-9900,,0
01022005,1800,0,12,0,2,0,0,2,0,0,2,0,0,2,1,0,2,2,0,2,2,0,2,1,10,E,9,10,E,9,8.0,A,7,8.0,A,7,100,A,7,1009,A,7,180,A,7,2.1,A,7,8000,A,7,960,A,7,1.3,E,8,0.099,F,8,0.160,F,8,-9900,-9900,,0
01022005,1900,0,0,0,2,0,0,2,0,0,2,0,0,2,0,0,2,0,0,2,0,0,2,0,10,E,9,10,E,9,8.0,A,7,7.0,A,7,93,A,7,1008,A,7,200,A,7,2.1,A,7,11300,A,7,1110,A,7,1.3,E,8,0.099,F,8,0.160,F,8,-9900,-9900,,0
01022005,2000,0,0,0,2,0,0,2,0,0,2,0,0,2,0,0,2,0,0,2,0,0,2,0,10,E,9,10,E,9,8.0,A,7,7.0,A,7,93,A,7,1008,A,7,140,A,7,1.5,A,7,12900,A,7,1200,A,7,1.3,E,8,0.099,F,8,0.160,F,8,-9900,-9900,,0
01022005,2100,0,0,0,2,0,0,2,0,0,2,0,0,2,0,0,2,0,0,2,0,0,2,0,10,E,9,10,E,9,8.0,A,7,7.0,A,7,93,A,7,1008,A,7,120,A,7,3.1,A,7,16100,A,7,1800,A,7,1.3,E,8,0.099,F,8,0.160,F,8,-9900,-9900,,0
01022005,2200,0,0,0,2,0,0,2,0,0,2,0,0,2,0,0,2,0,0,2,0,0,2,0,10,E,9,10,E,9,8.0,A,7,7.0,A,7,93,A,7,1009,A,7,0,A,7,0.0,A,7,16100,A,7,1050,A,7,1.2,E,8,0.099,F,8,0.160,F,8,-9900,-9900,,0
01022005,2300,0,0,0,2,0,0,2,0,0,2,0,0,2,0,0,2,0,0,2,0,0,2,0,10,B,8,10,B,8,7.5,B,8,6.5,B,8,93,A,7,1009,B,8,0,B,8,0.0,B,8,-9900,,0,1100,B,8,1.2,E,8,0.099,F,8,0.160,F,8,-9900,-9900,,0
01022005,2400,0,0,0,2,0,0,2,0,0,2,0,0,2,0,0,2,0,0,2,0,0,2,0,10,B,8,10,B,8,7.1,B,8,6.4,B,8,95,A,7,1009,B,8,0,B,8,0.0,B,8,-9900,,0,1150,B,8,1.2,E,8,0.099,F,8,0.160,F,8,-9900,-9900,,0
01032005,0100,0,0,0,2,0,0,2,0,0,2,0,0,2,0,0,2,0,0,2,0,0,2,0,9,B,8,9,B,8,6.8,B,8,6.4,B,8,97,A,7,1009,B,8,0,B,8,0.0,B,8,-9900,,0,1200,B,8,1.3,E,8,0.099,F,8,0.160,F,8,-9900,-9900,,0
01032005,0200,0,0,0,2,0,0,2,0,0,2,0,0,2,0,0,2,0,0,2,0,0,2,0,9,B,8,9,B,8,6.6,B,8,6.3,B,8,98,A,7,1009,B,8,0,B,8,0.0,B,8,-9900,,0,1250,B,8,1.2,E,8,0.099,F,8,0.160,F,8,-9900,-9900,,0
01032005,0300,0,0,0,2,0,0,2,0,0,2,0,0,2,0,0,2,0,0,2,0,0,2,0,9,B,8,9,B,8,6.3,B,8,6.1,B,8,99,A,7,1009,B,8,0,B,8,0.0,B,8,-9900,,0,1300,B,8,1.2,E,8,0.099,F,8,0.160,F,8,-9900,-9900,,0
01032005,0400,0,0,0,2,0,0,2,0,0,2,0,0,2,0,0,2,0,0,2,0,0,2,0,9,B,8,9,B,8,6.0,B,8,6.0,B,8,100,A,7,1010,B,8,0,B,8,0.0,B,8,-9900,,0,1350,B,8,1.2,E,8,0.099,F,8,0.160,F,8,-9900,-9900,,0
01032005,0500,0,0,0,2,0,0,2,0,0,2,0,0,2,0,0,2,0,0,2,0,0,2,0,8,B,8,8,B,8,5.9,B,8,5.9,B,8,100,A,7,1010,B,8,0,B,8,0.0,B,8,-9900,,0,1400,B,8,1.2,E,8,0.099,F,8,0.160,F,8,-9900,-9900,,0
01032005,0600,0,0,0,2,0,0,2,0,0,2,0,0,2,0,0,2,0,0,2,0,0,2,0,8,B,8,8,B,8,5.8,B,8,5.8,B,8,100,A,7,1010,B,8,0,B,8,0.0,B,8,-9900,,0,1450,B,8,1.2,E,8,0.099,F,8,0.160,F,8,-9900,-9900,,0
01032005,0700,0,0,0,2,0,0,2,0,0,2,0,0,2,0,0,2,0,0,2,0,0,2,0,8,E,9,8,E,9,6.0,A,7,6.0,A,7,100,A,7,1010,A,7,0,A,7,0.0,A,7,16100,A,7,1500,A,7,1.2,E,8,0.099,F,8,0.160,F,8,0,1,A,7
01032005,0800,40,837,3,2,8,48,2,15,2,2,8,6,2,8,26,2,15,4,2,8,6,2,19,8,B,8,8,B,8,6.0,B,8,6.0,B,8,100,A,7,1010,B,8,0,B,8,0.0,B,8,-9900,,0,1350,B,8,1.2,E,8,0.099,F,8,0.160,F,8,-9900,-9900,,0
01032005,0900,252,1415,85,2,8,105,2,15,66,2,8,92,2,8,78,2,15,78,2,8,141,2,19,9,B,8,9,B,8,6.9,B,8,6.8,B,8,99,A,7,1010,B,8,0,B,8,0.0,B,8,-9900,,0,1200,B,8,1.2,E,8,0.099,F,8,0.160,F,8,-9900,-9900,,0
01032005,1000,452,1415,153,2,8,51,2,15,136,2,8,167,2,8,47,2,15,152,2,8,356,2,19,9,E,9,9,E,9,8.0,A,7,7.0,A,7,93,A,7,1011,A,7,0,A,7,0.0,A,7,16100,A,7,1050,A,7,1.2,E,8,0.099,F,8,0.160,F,8,0,1,A,7
01032005,1100,599,1415,302,2,8,257,2,15,192,2,8,318,2,8,257,2,15,209,2,8,422,2,19,8,E,9,8,E,9,9.0,A,7,7.0,A,7,87,A,7,1010,A,7,340,A,7,1.5,A,7,16100,A,7,1440,A,7,1.2,E,8,0.099,F,8,0.160,F,8,0,1,A,7
01032005,1200,684,1415,291,2,8,119,2,15,233,2,8,319,2,8,119,2,15,261,2,8,669,2,19,8,E,9,8,E,9,10.0,A,7,6.0,A,7,76,A,7,1009,A,7,340,B,8,1.5,A,7,16100,A,7,1350,A,7,1.2,E,8,0.099,F,8,0.160,F,8,0,1,A,7
01032005,1300,699,1415,261,2,8,67,2,15,228,2,8,287,2,8,67,2,15,253,2,8,667,2,19,10,E,9,10,E,9,10.0,A,7,7.0,A,7,82,A,7,1008,A,7,340,A,7,3.1,A,7,16100,A,7,1050,A,7,1.2,E,8,0.099,F,8,0.160,F,8,0,3,A,7
01032005,1400,644,1415,376,2,8,284,2,15,247,2,8,404,2,8,285,2,15,274,2,8,598,2,19,2,E,9,2,E,9,11.0,A,7,7.0,A,7,76,A,7,1008,A,7,350,A,7,3.6,A,7,16100,A,7,77777,A,7,1.2,E,8,0.099,F,8,0.160,F,8,0,1,A,7
01032005,1500,523,1415,76,2,8,0,2,15,76,2,8,90,2,8,0,2,15,90,2,8,328,2,19,4,E,9,4,E,9,11.0,A,7,7.0,A,7,76,A,7,1007,A,7,340,A,7,4.1,A,7,16100,A,7,77777,A,7,1.2,E,8,0.099,F,8,0.160,F,8,0,1,A,7
01032005,1600,344,1415,201,2,8,205,2,15,151,2,8,212,2,8,171,2,15,170,2,8,331,2,19,3,E,9,3,E,9,10.0,A,7,7.0,A,7,82,A,7,1008,A,7,350,A,7,2.6,A,7,16100,A,7,77777,A,7,1.2,E,8,0.099,F,8,0.160,F,8,0,6,A,7
01032005,1700,122,1415,0,2,8,0,2,15,0,2,8,0,2,8,0,2,15,0,2,8,0,2,19,7,E,9,7,E,9,9.0,A,7,6.0,A,7,81,A,7,1008,A,7,350,A,7,3.1,A,7,16100,A,7,77777,A,7,1.2,E,8,0.099,F,8,0.160,F,8,0,1,A,7
01032005,1800,0,35,0,2,8,0,2,15,0,2,8,0,2,8,0,2,15,0,2,8,0,2,19,2,E,9,2,E,9,9.0,A,7,7.0,A,7,87,A,7,1008,A,7,350,A,7,3.6,A,7,16100,A,7,77777,A,7,1.2,E,8,0.099,F,8,0.160,F,8,-9900,-9900,,0
01032005,1900,0,0,0,2,0,0,2,0,0,2,0,0,2,0,0,2,0,0,2,0,0,2,0,3,E,9,3,E,9,8.0,A,7,6.0,A,7,87,A,7,1008,A,7,340,A,7,3.1,A,7,16100,A,7,77777,A,7,1.2,E,8,0.099,F,8,0.160,F,8,0,1,A,7
01032005,2000,0,0,0,2,0,0,2,0,0,2,0,0,2,0,0,2,0,0,2,0,0,2,0,1,E,9,1,E,9,8.0,A,7,6.0,A,7,87,A,7,1008,A,7,350,A,7,4.1,A,7,16100,A,7,77777,A,7,1.2,E,8,0.099,F,8,0.160,F,8,0,1,A,7
01032005,2100,0,0,0,2,0,0,2,0,0,2,0,0,2,0,0,2,0,0,2,0,0,2,0,0,E,9,0,E,9,7.0,A,7,6.0,A,7,93,A,7,1009,A,7,360,A,7,2.1,A,7,16100,A,7,77777,A,7,1.2,E,8,0.099,F,8,0.160,F,8,0,1,A,7
01032005,2200,0,0,0,2,0,0,2,0,0,2,0,0,2,0,0,2,0,0,2,0,0,2,0,10,E,9,10,E,9,8.0,A,7,7.0,A,7,93,A,7,1009,A,7,0,A,7,0.0,A,7,14500,A,7,510,A,7,1.2,E,8,0.099,F,8,0.160,F,8,0,1,A,7
01032005,2300,0,0,0,2,0,0,2,0,0,2,0,0,2,0,0,2,0,0,2,0,0,2,0,10,E,9,10,E,9,8.0,A,7,7.0,A,7,93,A,7,1009,A,7,180,A,7,1.5,A,7,16100,A,7,570,A,7,1.2,E,8,0.099,F,8,0.160,F,8,0,1,A,7
01032005,2400,0,0,0,2,0,0,2,0,0,2,0,0,2,0,0,2,0,0,2,0,0,2,0,8,E,9,8,E,9,8.0,A,7,6.0,A,7,87,A,7,1008,A,7,200,A,7,1.5,A,7,16100,A,7,630,A,7,1.2,E,8,0.099,F,8,0.160,F,8,0,1,A,7
01042005,0100,0,0,0,2,0,0,2,0,0,2,0,0,2,0,0,2,0,0,2,0,0,2,0,8,E,9,8,E,9,6.0,A,7,6.0,A,7,100,A,7,1008,A,7,0,A,7,0.0,A,7,11300,A,7,630,A,7,1.2,E,8,0.099,F,8,0.160,F,8,0,1,A,7
01042005,0200,0,0,0,2,0,0,2,0,0,2,0,0,2,0,0,2,0,0,2,0,0,2,0,10,E,9,10,E,9,7.0,A,7,6.0,A,7,93,A,7,1008,A,7,200,A,7,1.5,A,7,14500,A,7,630,A,7,1.1,E,8,0.099,F,8,0.160,F,8,-9900,-9900,,0
01042005,0300,0,0,0,2,0,0,2,0,0,2,0,0,2,0,0,2,0,0,2,0,0,2,0,10,E,9,10,E,9,6.0,A,7,6.0,A,7,100,A,7,1008,A,7,250,A,7,1.5,A,7,12900,A,7,330,A,7,1.1,E,8,0.099,F,8,0.160,F,8,-9900,-9900,,0
01042005,0400,0,0,0,2,0,0,2,0,0,2,0,0,2,0,0,2,0,0,2,0,0,2,0,10,E,9,10,E,9,7.0,A,7,6.0,A,7,93,A,7,1008,A,7,0,A,7,0.0,A,7,14500,A,7,330,A,7,1.0,E,8,0.099,F,8,0.160,F,8,1,6,A,7
01042005,0500,0,0,0,2,0,0,2,0,0,2,0,0,2,0,0,2,0,0,2,0,0,2,0,10,E,9,10,E,9,7.0,A,7,5.0,A,7,87,A,7,1008,A,7,180,A,7,1.5,A,7,12900,A,7,990,A,7,1.0,E,8,0.099,F,8,0.160,F,8,-9900,-9900,,0
01042005,0600,0,0,0,2,0,0,2,0,0,2,0,0,2,0,0,2,0,0,2,0,0,2,0,10,E,9,10,E,9,7.0,A,7,6.0,A,7,93,A,7,1008,A,7,140,A,7,1.5,A,7,12900,A,7,1260,A,7,1.1,E,8,0.099,F,8,0.160,F,8,-9900,-9900,,0
01042005,0700,0,0,0,2,0,0,2,0,0,2,0,0,2,0,0,2,0,0,2,0,0,2,0,10,E,9,10,E,9,7.0,A,7,6.0,A,7,93,A,7,1008,A,7,130,A,7,2.6,A,7,12900,A,7,810,A,7,1.1,E,8,0.099,F,8,0.160,F,8,-9900,-9900,,0
01042005,0800,40,837,3,2,8,64,2,15,2,2,8,6,2,8,36,2,15,4,2,8,8,2,19,10,E,9,10,E,9,7.0,A,7,5.0,A,7,87,A,7,1009,A,7,140,A,7,1.5,A,7,14500,A,7,750,A,7,1.1,E,8,0.099,F,8,0.160,F,8,-9900,-9900,,0
01042005,0900,252,1415,99,2,8,175,2,15,67,2,8,104,2,8,123,2,15,81,2,8,128,2,19,5,E,9,5,E,9,8.0,A,7,6.0,A,7,87,A,7,1009,A,7,160,A,7,1.5,A,7,12900,A,7,77777,A,7,1.2,E,8,0.099,F,8,0.160,F,8,-9900,-9900,,0
01042005,1000,453,1415,153,2,8,56,2,15,135,2,8,168,2,8,52,2,15,151,2,8,354,2,19,6,E,9,6,E,9,9.0,A,7,6.0,A,7,81,A,7,1010,A,7,110,A,7,1.5,A,7,12900,A,7,77777,A,7,1.2,E,8,0.099,F,8,0.160,F,8,-9900,-9900,,0
01042005,1100,601,1415,129,2,8,0,2,15,129,2,8,149,2,8,0,2,15,149,2,8,532,2,19,7,E,9,7,E,9,11.0,A,7,6.0,A,7,71,A,7,1010,A,7,0,A,7,0.0,A,7,16100,A,7,77777,A,7,1.2,E,8,0.099,F,8,0.160,F,8,-9900,-9900,,0
01042005,1200,686,1415,221,2,8,36,2,15,204,2,8,243,2,8,36,2,15,226,2,8,605,2,19,10,E,9,9,E,9,11.0,A,7,6.0,A,7,71,A,7,1010,A,7,10,A,7,2.6,A,7,16100,A,7,930,A,7,1.3,E,8,0.099,F,8,0.160,F,8,-9900,-9900,,0
01042005,1300,702,1415,81,2,8,0,2,15,81,2,8,99,2,8,0,2,15,99,2,8,385,2,19,10,E,9,10,E,9,11.0,A,7,6.0,A,7,71,A,7,1010,A,7,20,A,7,1.5,A,7,16100,A,7,1500,A,7,1.3,E,8,0.099,F,8,0.160,F,8,-9900,-9900,,0
01042005,1400,647,1415,74,2,8,0,2,15,74,2,8,90,2,8,0,2,15,90,2,8,345,2,19,10,E,9,10,E,9,11.0,A,7,5.0,A,7,66,A,7,1010,A,7,0,A,7,0.0,A,7,16100,A,7,780,A,7,1.3,E,8,0.099,F,8,0.160,F,8,-9900,-9900,,0
01042005,1500,526,1415,69,2,8,0,2,15,69,2,8,82,2,8,0,2,15,82,2,8,303,2,19,10,E,9,10,E,9,11.0,A,7,6.0,A,7,71,A,7,1010,A,7,150,A,7,2.1,A,7,16100,A,7,1500,A,7,1.3,E,8,0.099,F,8,0.160,F,8,-9900,-9900,,0
01042005,1600,348,1415,105,2,8,0,2,15,105,2,8,116,2,8,0,2,15,116,2,8,346,2,19,10,E,9,10,E,9,11.0,A,7,6.0,A,7,71,A,7,1012,A,7,220,A,7,2.1,A,7,14500,A,7,840,A,7,1.2,E,8,0.099,F,8,0.160,F,8,0,1,A,7
01042005,1700,126,1415,0,2,8,0,2,15,0,2,8,0,2,8,0,2,15,0,2,8,0,2,19,10,E,9,10,E,9,9.0,A,7,7.0,A,7,87,A,7,1012,A,7,0,A,7,0.0,A,7,16100,A,7,1500,A,7,1.2,E,8,0.099,F,8,0.160,F,8,0,1,A,7
01042005,1800,0,59,0,2,8,0,2,15,0,2,8,0,2,8,0,2,15,0,2,8,0,2,19,4,E,9,4,E,9,9.0,A,7,7.0,A,7,87,A,7,1013,A,7,160,A,7,2.1,A,7,16100,A,7,77777,A,7,1.3,E,8,0.099,F,8,0.160,F,8,-9900,-9900,,0
01042005,1900,0,0,0,2,0,0,2,0,0,2,0,0,2,0,0,2,0,0,2,0,0,2,0,0,E,9,0,E,9,9.0,A,7,7.0,A,7,87,A,7,1013,A,7,140,A,7,1.5,A,7,16100,A,7,77777,A,7,1.3,E,8,0.099,F,8,0.160,F,8,0,3,A,7
01042005,2000,0,0,0,2,0,0,2,0,0,2,0,0,2,0,0,2,0,0,2,0,0,2,0,0,E,9,0,E,9,8.0,A,7,7.0,A,7,93,A,7,1014,A,7,170,A,7,1.5,A,7,12900,A,7,77777,A,7,1.2,E,8,0.099,F,8,0.160,F,8,-9900,-9900,,0
01042005,2100,0,0,0,2,0,0,2,0,0,2,0,0,2,0,0,2,0,0,2,0,0,2,0,4,E,9,4,E,9,8.0,A,7,7.0,A,7,93,A,7,1015,A,7,160,A,7,2.6,A,7,12900,A,7,77777,A,7,1.1,E,8,0.099,F,8,0.160,F,8,-9900,-9900,,0
01042005,2200,0,0,0,2,0,0,2,0,0,2,0,0,2,0,0,2,0,0,2,0,0,2,0,0,E,9,0,E,9,8.0,A,7,6.0,A,7,87,A,7,1015,A,7,180,A,7,1.5,A,7,16100,A,7,77777,A,7,1.1,E,8,0.099,F,8,0.160,F,8,0,6,A,7
01042005,2300,0,0,0,2,0,0,2,0,0,2,0,0,2,0,0,2,0,0,2,0,0,2,0,0,E,9,0,E,9,7.0,A,7,6.0,A,7,93,A,7,1016,A,7,140,A,7,2.6,A,7,16100,A,7,77777,A,7,1.1,E,8,0.099,F,8,0.160,F,8,-9900,-9900,,0
01042005,2400,0,0,0,2,0,0,2,0,0,2,0,0,2,0,0,2,0,0,2,0,0,2,0,3,E,9,3,E,9,7.0,A,7,5.0,A,7,87,A,7,1016,A,7,150,A,7,3.1,A,7,16100,A,7,77777,A,7,1.1,E,8,0.099,F,8,0.160,F,8,-9900,-9900,,0
01052005,0100,0,0,0,2,0,0,2,0,0,2,0,0,2,0,0,2,0,0,2,0,0,2,0,10,E,9,10,E,9,7.0,A,7,5.0,A,7,87,A,7,1017,A,7,150,A,7,2.6,A,7,16100,A,7,1800,A,7,1.1,E,8,0.099,F,8,0.160,F,8,-9900,-9900,,0
01052005,0200,0,0,0,2,0,0,2,0,0,2,0,0,2,0,0,2,0,0,2,0,0,2,0,10,E,9,10,E,9,8.0,A,7,6.0,A,7,87,A,7,1017,A,7,140,A,7,3.6,A,7,16100,A,7,2100,A,7,1.1,E,8,0.099,F,8,0.160,F,8,-9900,-9900,,0
